{
  "TTF_tests": 1.0,
  "TTF_seconds": 0.43615127799967013,
  "total_seconds": 51.962226913999984
}