{
  "TTF_tests": 4.0,
  "TTF_seconds": 32.61036294299993,
  "total_seconds": 32.610407194999425
}