{
  "TTF_tests": 1.0,
  "TTF_seconds": 0.33426429300016025,
  "total_seconds": 18.30230370800018
}