{
  "TTF_tests": 6.0,
  "TTF_seconds": 1.9342262409991235,
  "total_seconds": 231.94187449799938
}