{
  "TTF_tests": 3.0,
  "TTF_seconds": 2.369466721000208,
  "total_seconds": 24.692072486999677
}