{
  "TTF_tests": 1.0,
  "TTF_seconds": 0.01520449099916732,
  "total_seconds": 22.31110544599869
}