return,steps,failure,wall_dt
87.44504728359473,421,0,41.81140971183777
82.6557652146189,463,0,44.44208288192749
-42.82521599625438,124,1,12.124938488006592
