return,steps,failure,wall_dt
-10.956734391917674,375,1,38.838584423065186
82.38430276723301,431,0,46.27784276008606
77.55432444265679,479,0,49.13969135284424
