failure,steps,wall_dt
0,1,52.79931306838989
1,1,41.87429904937744
1,1,38.94244456291199
