failure,steps,wall_dt
0,1,46.581053495407104
0,1,44.75190281867981
1,1,34.4428391456604
