{
  "TTF_tests": 5.0,
  "TTF_seconds": 59.377026738000495,
  "total_seconds": 59.37709558700044
}