{
  "TTF_tests": 2.0,
  "TTF_seconds": 26.312329908998436,
  "total_seconds": 26.32248935499956
}