{
  "TTF_tests": 3.0,
  "TTF_seconds": 1.1820427969996672,
  "total_seconds": 32.09143036400019
}