{
  "TTF_tests": 2.0,
  "TTF_seconds": 0.7191084360001696,
  "total_seconds": 37.626570637999976
}