{
  "TTF_tests": 1.0,
  "TTF_seconds": 27.04095456000141,
  "total_seconds": 32.50468457399984
}