{
  "TTF_tests": 6.0,
  "TTF_seconds": 1.0150176419992931,
  "total_seconds": 18.511617358000876
}