{
  "TTF_tests": 5.0,
  "TTF_seconds": 2.1762809320007364,
  "total_seconds": 136.92791313999987
}