{
  "TTF_tests": 15.0,
  "TTF_seconds": 1.6210915880001266,
  "total_seconds": 15.212418844999775
}