{
  "TTF_tests": 2.0,
  "TTF_seconds": 1.3584968359991763,
  "total_seconds": 23.008063503999438
}