{
  "TTF_tests": 1.0,
  "TTF_seconds": 0.0037237440010358114,
  "total_seconds": 2.3874749059996248
}