{
  "TTF_tests": 1.0,
  "TTF_seconds": 0.0052453660009632586,
  "total_seconds": 18.249079387000165
}